"","3441","4173","6157","7502","7892","9441","11071","11183","11291","12971","14047","14742","15109","15128","15435","15581","18512","18652","19266","19460","20354","23146","23447","23481","23677","23787","24020","25229","25608","27329","29410","29801","29889","30339","31462","31618","31967","31979","32358","32435","33784","34443","34818","35584","36910","39107","39876","42395","42529","42821","44670","45154","45217","51159","53314","53720","53935","54240","54762","55111","55142","55564","56423","56785","57131","57989","58053","59503","59586","59967","60546","63140","63267","63581","63605","63771","63798","65064","65576"
"Ale",0.357142857142857,0.425925925925926,0.446428571428571,0.0555555555555556,0.0535714285714286,0.339285714285714,0.125,0.326923076923077,0.321428571428571,0.269230769230769,0.0555555555555556,0.1,0.267857142857143,0.482142857142857,0.314814814814815,0.24,0.125,0.464285714285714,0.0714285714285714,0.388888888888889,0.0925925925925926,0.22,0.442307692307692,0.0892857142857143,0.442307692307692,0.0714285714285714,0.375,0.357142857142857,0.203703703703704,0.392857142857143,0.446428571428571,0.321428571428571,0.240740740740741,0.0192307692307692,0.0535714285714286,0.196428571428571,0.25,0.125,0.333333333333333,0.288461538461538,0.461538461538462,0.196428571428571,0.0892857142857143,0.0892857142857143,0.481481481481481,0.0892857142857143,0.0208333333333333,0,0.0357142857142857,0.0535714285714286,0.296296296296296,0.232142857142857,0.214285714285714,0.214285714285714,0.446428571428571,0.357142857142857,0,0.347826086956522,0.384615384615385,0.16,0.267857142857143,0.428571428571429,0.462962962962963,0.388888888888889,0.32,0.314814814814815,0.267857142857143,0.392857142857143,0.321428571428571,0.25,0.482142857142857,0,0.166666666666667,0.28,0.178571428571429,0.0535714285714286,0.462962962962963,0.446428571428571,0.0535714285714286
"Ber",0.303030303030303,0.454545454545455,0.0606060606060606,0.484848484848485,0.106060606060606,0.227272727272727,0.0757575757575758,0.454545454545455,0.0357142857142857,0.28125,0.34375,0.21875,0.3125,0.151515151515152,0.078125,0.181818181818182,0.212121212121212,0.4375,0.181818181818182,0.439393939393939,0.333333333333333,0.181818181818182,0.46969696969697,0.272727272727273,0.363636363636364,0.106060606060606,0.203125,0.171875,0.212121212121212,0.46969696969697,0.439393939393939,0.227272727272727,0.378787878787879,0.227272727272727,0.287878787878788,0.227272727272727,0.203125,0.121212121212121,0.0303030303030303,0.133333333333333,0.46969696969697,0.454545454545455,0.136363636363636,0.348484848484849,0.257575757575758,0.136363636363636,0.0757575757575758,0.421875,0.166666666666667,0.0757575757575758,0.136363636363636,0.393939393939394,0.136363636363636,0.296875,0.0606060606060606,0.439393939393939,0.21875,0.142857142857143,0.454545454545455,0.484375,0.375,0.424242424242424,0.318181818181818,0.46875,0.303030303030303,0.390625,0,0.363636363636364,0.4375,0.348484848484849,0.454545454545455,0.151515151515152,0.303030303030303,0.196969696969697,0.287878787878788,0.257575757575758,0.439393939393939,0.0151515151515152,0.0303030303030303
"Brd",0.291666666666667,0.402777777777778,0.157142857142857,0.458333333333333,0.138888888888889,0.333333333333333,0.125,0.388888888888889,0.0714285714285714,0.277777777777778,0.222222222222222,0.128571428571429,0.347222222222222,0.194444444444444,0.152777777777778,0.157142857142857,0.125,0.458333333333333,0.208333333333333,0.402777777777778,0.222222222222222,0.242857142857143,0.416666666666667,0.166666666666667,0.333333333333333,0.0972222222222222,0.128571428571429,0.222222222222222,0.180555555555556,0.388888888888889,0.291666666666667,0.208333333333333,0.444444444444444,0.138888888888889,0.222222222222222,0.180555555555556,0.347222222222222,0.25,0.0555555555555556,0.0428571428571429,0.444444444444444,0.458333333333333,0.208333333333333,0.444444444444444,0.375,0.0833333333333333,0.152777777777778,0.333333333333333,0.166666666666667,0.180555555555556,0.0694444444444444,0.319444444444444,0.180555555555556,0.236111111111111,0.0972222222222222,0.416666666666667,0.457142857142857,0.277777777777778,0.430555555555556,0.444444444444444,0.319444444444444,0.357142857142857,0.319444444444444,0.444444444444444,0.347222222222222,0.347222222222222,0,0.361111111111111,0.472222222222222,0.319444444444444,0.485294117647059,0.3,0.277777777777778,0.342857142857143,0.444444444444444,0.361111111111111,0.347222222222222,0.0972222222222222,0.0833333333333333
"Cor",0.383333333333333,0.421875,0.328125,0.453125,0.078125,0.359375,0.15625,0.359375,0.140625,0.241935483870968,0.283333333333333,0.209677419354839,0.203125,0.40625,0.109375,0.234375,0.1875,0.5,0.125,0.359375,0.296875,0.34375,0.3125,0.1875,0.328125,0.140625,0.15625,0.109375,0.140625,0.46875,0.375,0.21875,0.359375,0.234375,0.328125,0.25,0.296875,0.265625,0.078125,0.0806451612903226,0.46875,0.375,0.1875,0.3125,0.40625,0.1875,0.140625,0.25,0.171875,0.203125,0.15625,0.359375,0.25,0.25,0.25,0.5,0.109375,0.339285714285714,0.4375,0.453125,0.40625,0.5,0.28125,0.5,0.296875,0.40625,0.046875,0.40625,0.359375,0.328125,0.46875,0.15625,0.265625,0.265625,0.421875,0.359375,0.40625,0.296875,0.25
"Cro",0.385714285714286,0.328571428571429,0.1,0.442857142857143,0.0571428571428571,0.328571428571429,0.0857142857142857,0.414285714285714,0.132352941176471,0.385714285714286,0.314285714285714,0.214285714285714,0.3,0.257142857142857,0.142857142857143,0.228571428571429,0.128571428571429,0.371428571428571,0.157142857142857,0.385714285714286,0.328571428571429,0.3,0.414285714285714,0.328571428571429,0.285714285714286,0.142857142857143,0.0714285714285714,0.128571428571429,0.2,0.5,0.357142857142857,0.171428571428571,0.371428571428571,0.142857142857143,0.285714285714286,0.171428571428571,0.357142857142857,0.171428571428571,0.0142857142857143,0.117647058823529,0.414285714285714,0.3,0.228571428571429,0.228571428571429,0.471428571428571,0.185714285714286,0.171428571428571,0.328571428571429,0.257142857142857,0.0441176470588235,0.242857142857143,0.371428571428571,0.214285714285714,0.2,0.0571428571428571,0.485714285714286,0.471428571428571,0.228571428571429,0.5,0.382352941176471,0.457142857142857,0.4,0.457142857142857,0.457142857142857,0.314285714285714,0.442857142857143,0,0.285714285714286,0.442857142857143,0.205882352941176,0.471428571428571,0.2,0.271428571428571,0.414285714285714,0.342857142857143,0.426470588235294,0.428571428571429,0.0571428571428571,0.0714285714285714
"Eye",0.451612903225806,0.359375,0.1875,0.40625,0.125,0.34375,0.21875,0.25,0.140625,0.171875,0.484375,0.258064516129032,0.241935483870968,0.4375,0.140625,0.203125,0.125,0.3125,0.046875,0.484375,0.25,0.328125,0.390625,0.234375,0.46875,0.1875,0.0645161290322581,0.078125,0.171875,0.453125,0.5,0.171875,0.467741935483871,0.265625,0.25,0.1875,0.258064516129032,0.28125,0.015625,0.171875,0.4375,0.203125,0.125,0.484375,0.3125,0.1875,0.046875,0.421875,0.25,0.09375,0.28125,0.3125,0.15625,0.40625,0.046875,0.5,0.34375,0.15625,0.466666666666667,0.484375,0.390625,0.421875,0.359375,0.484375,0.28125,0.453125,0,0.375,0.453125,0.3125,0.483870967741935,0.125,0.4,0.34375,0.375,0.375,0.25,0.125,0.129032258064516
"Flo",0.328571428571429,0.347222222222222,0.0833333333333333,0.430555555555556,0.0833333333333333,0.25,0.0972222222222222,0.375,0.0714285714285714,0.235294117647059,0.277777777777778,0.205882352941176,0.305555555555556,0.0833333333333333,0.0833333333333333,0.166666666666667,0.180555555555556,0.455882352941176,0.125,0.472222222222222,0.361111111111111,0.208333333333333,0.414285714285714,0.291666666666667,0.485714285714286,0.111111111111111,0.176470588235294,0.0555555555555556,0.138888888888889,0.444444444444444,0.333333333333333,0.180555555555556,0.357142857142857,0.152777777777778,0.147058823529412,0.0833333333333333,0.25,0.242424242424242,0.194444444444444,0.128571428571429,0.471428571428571,0.416666666666667,0.25,0.444444444444444,0.402777777777778,0.111111111111111,0.0694444444444444,0.347222222222222,0.2,0.0694444444444444,0.0694444444444444,0.357142857142857,0.180555555555556,0.291666666666667,0.0555555555555556,0.416666666666667,0.0555555555555556,0.291666666666667,0.444444444444444,0.5,0.458333333333333,0.485714285714286,0.291666666666667,0.457142857142857,0.277777777777778,0.314285714285714,0,0.414285714285714,0.484848484848485,0.217391304347826,0.361111111111111,0.111111111111111,0.228571428571429,0.291666666666667,0.347222222222222,0.428571428571429,0.402777777777778,0,0.0416666666666667
"Gul",0.457142857142857,0.367647058823529,0.0857142857142857,0.5,0.0857142857142857,0.25,0.114285714285714,0.5,0.176470588235294,0.338235294117647,0.257142857142857,0.242857142857143,0.294117647058824,0.228571428571429,0.1,0.257142857142857,0.2,0.428571428571429,0.128571428571429,0.485714285714286,0.371428571428571,0.185714285714286,0.5,0.285714285714286,0.4,0.117647058823529,0.2,0.157142857142857,0.157142857142857,0.485714285714286,0.385714285714286,0.171428571428571,0.371428571428571,0.242857142857143,0.235294117647059,0.2,0.257142857142857,0.228571428571429,0.0285714285714286,0.0857142857142857,0.471428571428571,0.4,0.161764705882353,0.285714285714286,0.471428571428571,0.0857142857142857,0.0142857142857143,0.357142857142857,0.142857142857143,0.114285714285714,0.142857142857143,0.385714285714286,0.264705882352941,0.3,0.0571428571428571,0.471428571428571,0.142857142857143,0.241935483870968,0.4,0.485294117647059,0.357142857142857,0.471428571428571,0.3,0.5,0.271428571428571,0.271428571428571,0,0.442857142857143,0.414285714285714,0.196969696969697,0.371428571428571,0.185714285714286,0.264705882352941,0.279411764705882,0.314285714285714,0.285714285714286,0.428571428571429,0.0285714285714286,0.0285714285714286
"Heb",0.428571428571429,0.375,0.25,0.430555555555556,0.152777777777778,0.263888888888889,0.138888888888889,0.442857142857143,0.0857142857142857,0.328571428571429,0.291666666666667,0.194444444444444,0.333333333333333,0.277777777777778,0.0833333333333333,0.138888888888889,0.194444444444444,0.416666666666667,0.166666666666667,0.319444444444444,0.416666666666667,0.180555555555556,0.444444444444444,0.208333333333333,0.388888888888889,0.152777777777778,0.152777777777778,0.138888888888889,0.236111111111111,0.430555555555556,0.402777777777778,0.152777777777778,0.402777777777778,0.0833333333333333,0.319444444444444,0.25,0.375,0.291666666666667,0.361111111111111,0.142857142857143,0.402777777777778,0.263888888888889,0.25,0.347222222222222,0.319444444444444,0.152777777777778,0.235294117647059,0.180555555555556,0.305555555555556,0.138888888888889,0.125,0.333333333333333,0.208333333333333,0.194444444444444,0.125,0.430555555555556,0.125,0.236111111111111,0.402777777777778,0.361111111111111,0.486111111111111,0.444444444444444,0.375,0.486111111111111,0.319444444444444,0.388888888888889,0.0138888888888889,0.361111111111111,0.342857142857143,0.271428571428571,0.486111111111111,0.166666666666667,0.263888888888889,0.263888888888889,0.458333333333333,0.314285714285714,0.361111111111111,0.194444444444444,0.180555555555556
"Hel",0.385714285714286,0.242857142857143,0.171428571428571,0.457142857142857,0.171428571428571,0.166666666666667,0.128571428571429,0.442857142857143,0.128571428571429,0.342857142857143,0.242857142857143,0.171428571428571,0.314285714285714,0.142857142857143,0.185714285714286,0.2,0.114285714285714,0.485714285714286,0.185714285714286,0.5,0.328571428571429,0.271428571428571,0.342857142857143,0.314285714285714,0.442857142857143,0.0428571428571429,0.128571428571429,0.128571428571429,0.0714285714285714,0.442857142857143,0.385714285714286,0.128571428571429,0.371428571428571,0.0714285714285714,0.257142857142857,0.171428571428571,0.228571428571429,0.357142857142857,0.0285714285714286,0.0428571428571429,0.485714285714286,0.271428571428571,0.2,0.328571428571429,0.285714285714286,0.128571428571429,0.0142857142857143,0.414285714285714,0.157142857142857,0.0714285714285714,0.128571428571429,0.308823529411765,0.242857142857143,0.2,0.0428571428571429,0.385714285714286,0.157142857142857,0.257142857142857,0.457142857142857,0.485714285714286,0.385714285714286,0.457142857142857,0.214285714285714,0.471428571428571,0.228571428571429,0.357142857142857,0.0142857142857143,0.4,0.5,0.294117647058824,0.428571428571429,0.228571428571429,0.285714285714286,0.285714285714286,0.485714285714286,0.294117647058824,0.4,0,0.0285714285714286
"Hoo",0.458333333333333,0.361111111111111,0.236111111111111,0.472222222222222,0.0972222222222222,0.347222222222222,0.0972222222222222,0.416666666666667,0.111111111111111,0.328571428571429,0.291666666666667,0.152777777777778,0.333333333333333,0.305555555555556,0.111111111111111,0.166666666666667,0.125,0.430555555555556,0.208333333333333,0.388888888888889,0.263888888888889,0.291666666666667,0.357142857142857,0.263888888888889,0.361111111111111,0.152777777777778,0.111111111111111,0.166666666666667,0.152777777777778,0.388888888888889,0.430555555555556,0.152777777777778,0.430555555555556,0.208333333333333,0.25,0.138888888888889,0.277777777777778,0.222222222222222,0.361111111111111,0.0735294117647059,0.416666666666667,0.375,0.263888888888889,0.388888888888889,0.375,0.208333333333333,0.222222222222222,0.305555555555556,0.152777777777778,0.111111111111111,0.194444444444444,0.388888888888889,0.222222222222222,0.152777777777778,0.0972222222222222,0.486111111111111,0.25,0.264705882352941,0.472222222222222,0.458333333333333,0.5,0.444444444444444,0.375,0.486111111111111,0.305555555555556,0.416666666666667,0.0833333333333333,0.402777777777778,0.402777777777778,0.263888888888889,0.402777777777778,0.152777777777778,0.305555555555556,0.291666666666667,0.388888888888889,0.385714285714286,0.430555555555556,0.152777777777778,0.180555555555556
"Idr",0.360655737704918,0.418032786885246,0.352459016393443,0.422413793103448,0.0983606557377049,0.327868852459016,0.10655737704918,0.418032786885246,0.163793103448276,0.23728813559322,0.229508196721311,0.210526315789474,0.295081967213115,0.45,0.131147540983607,0.180327868852459,0.213114754098361,0.426229508196721,0.147540983606557,0.368852459016393,0.403508771929825,0.291666666666667,0.398305084745763,0.319672131147541,0.295081967213115,0.155737704918033,0.147540983606557,0.139344262295082,0.213114754098361,0.426229508196721,0.385245901639344,0.172131147540984,0.483606557377049,0.180327868852459,0.344262295081967,0.204918032786885,0.295081967213115,0.308333333333333,0.10655737704918,0.075,0.466666666666667,0.283333333333333,0.278688524590164,0.311475409836066,0.405172413793103,0.114754098360656,0.333333333333333,0.275,0.204918032786885,0.0655737704918033,0.180327868852459,0.360655737704918,0.191666666666667,0.204918032786885,0.229508196721311,0.425,0.0583333333333333,0.230769230769231,0.491803278688525,0.46551724137931,0.418032786885246,0.491525423728814,0.245901639344262,0.426229508196721,0.344262295081967,0.336065573770492,0.147540983606557,0.426229508196721,0.325,0.258928571428571,0.467213114754098,0.186440677966102,0.286885245901639,0.433333333333333,0.358333333333333,0.383333333333333,0.409836065573771,0.360655737704918,0.311475409836066
"Iom",0.5,0.3,0.271428571428571,0.385714285714286,0.128571428571429,0.271428571428571,0.214285714285714,0.5,0.142857142857143,0.271428571428571,0.3,0.0857142857142857,0.357142857142857,0.385714285714286,0.0714285714285714,0.271428571428571,0.228571428571429,0.385714285714286,0.2,0.471428571428571,0.3,0.271428571428571,0.4,0.357142857142857,0.457142857142857,0.114285714285714,0.228571428571429,0.1,0.142857142857143,0.485714285714286,0.457142857142857,0.185714285714286,0.428571428571429,0.171428571428571,0.357142857142857,0.142857142857143,0.385714285714286,0.2,0.342857142857143,0.228571428571429,0.428571428571429,0.328571428571429,0.171428571428571,0.228571428571429,0.4,0.185714285714286,0.2,0.285714285714286,0.214285714285714,0.171428571428571,0.185714285714286,0.342857142857143,0.128571428571429,0.176470588235294,0.171428571428571,0.485714285714286,0.185714285714286,0.285714285714286,0.371428571428571,0.442857142857143,0.371428571428571,0.371428571428571,0.385714285714286,0.4,0.328571428571429,0.414285714285714,0.0428571428571429,0.471428571428571,0.342857142857143,0.242857142857143,0.371428571428571,0.114285714285714,0.228571428571429,0.308823529411765,0.328571428571429,0.220588235294118,0.314285714285714,0.214285714285714,0.2
"Ios",0.333333333333333,0.444444444444444,0.222222222222222,0.5,0.111111111111111,0.271428571428571,0.0972222222222222,0.388888888888889,0.291666666666667,0.212121212121212,0.291666666666667,0.138888888888889,0.333333333333333,0.416666666666667,0.138888888888889,0.388888888888889,0.208333333333333,0.458333333333333,0.138888888888889,0.472222222222222,0.305555555555556,0.185714285714286,0.5,0.208333333333333,0.361111111111111,0.194444444444444,0.236111111111111,0.0833333333333333,0.166666666666667,0.333333333333333,0.333333333333333,0.125,0.472222222222222,0.0972222222222222,0.347222222222222,0.208333333333333,0.305555555555556,0.382352941176471,0.222222222222222,0.166666666666667,0.5,0.291666666666667,0.180555555555556,0.319444444444444,0.263888888888889,0.0972222222222222,0.236111111111111,0.277777777777778,0.208333333333333,0.0138888888888889,0.166666666666667,0.472222222222222,0.277777777777778,0.171428571428571,0.138888888888889,0.486111111111111,0.208333333333333,0.257142857142857,0.361111111111111,0.388888888888889,0.375,0.388888888888889,0.347222222222222,0.486111111111111,0.4,0.430555555555556,0.152777777777778,0.333333333333333,0.352941176470588,0.260869565217391,0.486111111111111,0.194444444444444,0.263888888888889,0.375,0.361111111111111,0.25,0.361111111111111,0.236111111111111,0.222222222222222
"Jer",0.455882352941176,0.428571428571429,0.222222222222222,0.458333333333333,0.0833333333333333,0.214285714285714,0.0694444444444444,0.430555555555556,0.0833333333333333,0.314285714285714,0.208333333333333,0.208333333333333,0.375,0.3,0.0972222222222222,0.117647058823529,0.166666666666667,0.5,0.111111111111111,0.402777777777778,0.319444444444444,0.328571428571429,0.430555555555556,0.263888888888889,0.416666666666667,0.0416666666666667,0.111111111111111,0.0972222222222222,0.152777777777778,0.416666666666667,0.285714285714286,0.222222222222222,0.333333333333333,0.208333333333333,0.319444444444444,0.180555555555556,0.402777777777778,0.2,0.176470588235294,0.128571428571429,0.471428571428571,0.319444444444444,0.180555555555556,0.291666666666667,0.367647058823529,0.25,0.185714285714286,0.305555555555556,0.25,0.138888888888889,0.152777777777778,0.319444444444444,0.25,0.371428571428571,0.0694444444444444,0.458333333333333,0.277777777777778,0.151515151515152,0.458333333333333,0.486111111111111,0.319444444444444,0.5,0.430555555555556,0.319444444444444,0.371428571428571,0.402777777777778,0.0277777777777778,0.347222222222222,0.457142857142857,0.272727272727273,0.444444444444444,0.157142857142857,0.319444444444444,0.357142857142857,0.402777777777778,0.333333333333333,0.416666666666667,0.180555555555556,0.166666666666667
"Kav",0.333333333333333,0.333333333333333,0.0857142857142857,0.361111111111111,0.0694444444444444,0.242857142857143,0.152777777777778,0.5,0.114285714285714,0.25,0.271428571428571,0.138888888888889,0.236111111111111,0.152777777777778,0.180555555555556,0.222222222222222,0.0972222222222222,0.388888888888889,0.111111111111111,0.458333333333333,0.291666666666667,0.305555555555556,0.402777777777778,0.208333333333333,0.444444444444444,0.0277777777777778,0.152777777777778,0.138888888888889,0.152777777777778,0.444444444444444,0.347222222222222,0.236111111111111,0.430555555555556,0.166666666666667,0.25,0.25,0.361111111111111,0.25,0.0972222222222222,0.180555555555556,0.458333333333333,0.371428571428571,0.333333333333333,0.319444444444444,0.361111111111111,0.152777777777778,0.0972222222222222,0.305555555555556,0.194444444444444,0.125,0.176470588235294,0.361111111111111,0.180555555555556,0.236111111111111,0.0555555555555556,0.472222222222222,0.152777777777778,0.2,0.430555555555556,0.5,0.472222222222222,0.458333333333333,0.347222222222222,0.444444444444444,0.277777777777778,0.388888888888889,0,0.319444444444444,0.388888888888889,0.225806451612903,0.444444444444444,0.25,0.25,0.305555555555556,0.305555555555556,0.388888888888889,0.5,0.0277777777777778,0.0555555555555556
"Kil",0.382352941176471,0.4,0.314285714285714,0.457142857142857,0.142857142857143,0.28125,0.0714285714285714,0.342857142857143,0.114285714285714,0.242857142857143,0.191176470588235,0.176470588235294,0.257142857142857,0.328571428571429,0.157142857142857,0.2,0.128571428571429,0.4,0.1,0.484848484848485,0.191176470588235,0.342857142857143,0.5,0.3,0.485714285714286,0.2,0.157142857142857,0.142857142857143,0.128571428571429,0.457142857142857,0.220588235294118,0.185714285714286,0.357142857142857,0.142857142857143,0.2,0.271428571428571,0.342857142857143,0.214285714285714,0,0.171428571428571,0.442857142857143,0.342857142857143,0.357142857142857,0.3,0.342857142857143,0.128571428571429,0.203125,0.228571428571429,0.214285714285714,0.157142857142857,0.128571428571429,0.371428571428571,0.242857142857143,0.185714285714286,0.171428571428571,0.441176470588235,0.142857142857143,0.212121212121212,0.485714285714286,0.414285714285714,0.314285714285714,0.457142857142857,0.314285714285714,0.385714285714286,0.308823529411765,0.428571428571429,0.0285714285714286,0.371428571428571,0.385714285714286,0.338235294117647,0.442857142857143,0.114285714285714,0.185714285714286,0.3,0.442857142857143,0.457142857142857,0.328571428571429,0.285714285714286,0.242857142857143
"Laz",0.5,0.4,0.15,0.125,0,0.444444444444444,0.15,0.3,0.45,0.1875,0.4,0.277777777777778,0.3,0.2,0.05,0.05,0.15,0.2,0.2,0.5,0.2,0.5,0.333333333333333,0.15,0.4,0.25,0,0,0.25,0.5,0.25,0.4,0,0.1,0,0.25,0.333333333333333,0.45,0.4,0.2,0.5,0.3,0.333333333333333,0.4,0.25,0.1,0.277777777777778,0,0.1,0.15,0.4,0.5,0.1,0,0.35,0.35,0,0.3,0.5,0.35,0.3,0.388888888888889,0.15,0.35,0.25,0.45,0,0.05,0.1,0.0714285714285714,0.4,0.2,0.1,0.333333333333333,0.15,0.35,0.35,0.1,0.25
"Loo",0.319444444444444,0.414285714285714,0.347222222222222,0.458333333333333,0.0972222222222222,0.426470588235294,0.0694444444444444,0.458333333333333,0.111111111111111,0.338235294117647,0.263888888888889,0.128571428571429,0.375,0.402777777777778,0.0555555555555556,0.185714285714286,0.152777777777778,0.430555555555556,0.125,0.486111111111111,0.291666666666667,0.208333333333333,0.375,0.166666666666667,0.402777777777778,0.125,0.152777777777778,0.0694444444444444,0.111111111111111,0.416666666666667,0.444444444444444,0.138888888888889,0.277777777777778,0.166666666666667,0.347222222222222,0.138888888888889,0.25,0.3,0.0147058823529412,0.0972222222222222,0.430555555555556,0.305555555555556,0.25,0.291666666666667,0.3,0.152777777777778,0.180555555555556,0.442857142857143,0.236111111111111,0.0555555555555556,0.1,0.333333333333333,0.138888888888889,0.236111111111111,0.166666666666667,0.458333333333333,0.236111111111111,0.277777777777778,0.375,0.5,0.361111111111111,0.361111111111111,0.291666666666667,0.388888888888889,0.361111111111111,0.485714285714286,0.0416666666666667,0.333333333333333,0.291666666666667,0.206896551724138,0.444444444444444,0.236111111111111,0.236111111111111,0.291666666666667,0.361111111111111,0.347222222222222,0.375,0.305555555555556,0.294117647058824
"Lyn",0.308823529411765,0.470588235294118,0.367647058823529,0.485294117647059,0.191176470588235,0.354838709677419,0.0588235294117647,0.5,0.205882352941176,0.352941176470588,0.205882352941176,0.220588235294118,0.378787878787879,0.382352941176471,0.132352941176471,0.147058823529412,0.176470588235294,0.470588235294118,0.161764705882353,0.470588235294118,0.220588235294118,0.235294117647059,0.397058823529412,0.294117647058824,0.426470588235294,0.147058823529412,0.117647058823529,0.205882352941176,0.176470588235294,0.441176470588235,0.397058823529412,0.176470588235294,0.338235294117647,0.132352941176471,0.25,0.205882352941176,0.25,0.294117647058824,0.0294117647058824,0.0735294117647059,0.426470588235294,0.279411764705882,0.176470588235294,0.323529411764706,0.338235294117647,0.147058823529412,0.25,0.294117647058824,0.176470588235294,0.117647058823529,0.191176470588235,0.397058823529412,0.25,0.272727272727273,0.25,0.441176470588235,0.205882352941176,0.257575757575758,0.426470588235294,0.426470588235294,0.279411764705882,0.426470588235294,0.426470588235294,0.382352941176471,0.308823529411765,0.397058823529412,0.0147058823529412,0.5,0.367647058823529,0.265625,0.470588235294118,0.220588235294118,0.264705882352941,0.308823529411765,0.441176470588235,0.426470588235294,0.426470588235294,0.264705882352941,0.205882352941176
"Lys",0.371428571428571,0.361111111111111,0.0277777777777778,0.486111111111111,0.0857142857142857,0.34375,0.111111111111111,0.375,0.125,0.222222222222222,0.208333333333333,0.0833333333333333,0.347222222222222,0.111111111111111,0.0833333333333333,0.180555555555556,0.236111111111111,0.472222222222222,0.0972222222222222,0.458333333333333,0.277777777777778,0.208333333333333,0.486111111111111,0.277777777777778,0.430555555555556,0.152777777777778,0.138888888888889,0.138888888888889,0.138888888888889,0.486111111111111,0.319444444444444,0.291666666666667,0.347222222222222,0.125,0.236111111111111,0.125,0.25,0.171428571428571,0.0138888888888889,0.111111111111111,0.430555555555556,0.361111111111111,0.194444444444444,0.291666666666667,0.291666666666667,0.138888888888889,0.0555555555555556,0.333333333333333,0.152777777777778,0.138888888888889,0.208333333333333,0.361111111111111,0.25,0.291666666666667,0.0277777777777778,0.402777777777778,0.152777777777778,0.271428571428571,0.5,0.444444444444444,0.486111111111111,0.444444444444444,0.138888888888889,0.486111111111111,0.277777777777778,0.472222222222222,0,0.388888888888889,0.430555555555556,0.319444444444444,0.430555555555556,0.222222222222222,0.305555555555556,0.222222222222222,0.361111111111111,0.263888888888889,0.347222222222222,0.0138888888888889,0.0138888888888889
"Mul",0.242857142857143,0.277777777777778,0.314285714285714,0.416666666666667,0.111111111111111,0.333333333333333,0.0277777777777778,0.4,0.180555555555556,0.414285714285714,0.263888888888889,0.222222222222222,0.319444444444444,0.375,0.111111111111111,0.166666666666667,0.152777777777778,0.347222222222222,0.222222222222222,0.5,0.3,0.222222222222222,0.375,0.328571428571429,0.361111111111111,0.171428571428571,0.111111111111111,0.111111111111111,0.138888888888889,0.5,0.416666666666667,0.277777777777778,0.285714285714286,0.208333333333333,0.242857142857143,0.263888888888889,0.347222222222222,0.25,0.0555555555555556,0.111111111111111,0.458333333333333,0.291666666666667,0.236111111111111,0.319444444444444,0.486111111111111,0.157142857142857,0.208333333333333,0.25,0.152777777777778,0.0972222222222222,0.152777777777778,0.375,0.138888888888889,0.264705882352941,0.222222222222222,0.416666666666667,0.194444444444444,0.263888888888889,0.458333333333333,0.5,0.347222222222222,0.402777777777778,0.375,0.472222222222222,0.305555555555556,0.442857142857143,0.0277777777777778,0.319444444444444,0.388888888888889,0.291666666666667,0.375,0.0833333333333333,0.222222222222222,0.375,0.319444444444444,0.444444444444444,0.361111111111111,0.319444444444444,0.228571428571429
"Oos",0.375,0.3,0.166666666666667,0.423076923076923,0.025,0.2625,0.1,0.333333333333333,0.15,0.375,0.0875,0.135135135135135,0.25,0.1875,0.075,0.025,0.4875,0.3,0.05,0.275,0.358974358974359,0.225,0.3125,0.425,0.4625,0.125,0.1125,0.0875,0.3875,0.425,0.192307692307692,0,0.275,0.2625,0.2,0.275,0.425,0.1125,0.0125,0.118421052631579,0.3625,0.1875,0.2875,0.25,0.1625,0.425,0.0875,0.2375,0.175,0.025,0.243589743589744,0.5,0.0375,0.05,0.0375,0.3,0.275,0.269230769230769,0.3125,0.35,0.375,0.425,0.325,0.35,0.175,0.3625,0,0.2625,0.3375,0.475,0.45,0.075,0.1625,0.1875,0.375,0.375,0.375,0.05,0.0375
"Ork",0.285714285714286,0.291666666666667,0.25,0.388888888888889,0.0555555555555556,0.327586206896552,0.0694444444444444,0.402777777777778,0.0277777777777778,0.426470588235294,0.319444444444444,0.191176470588235,0.263888888888889,0.333333333333333,0.194444444444444,0.138888888888889,0.138888888888889,0.5,0.125,0.416666666666667,0.319444444444444,0.319444444444444,0.5,0.208333333333333,0.319444444444444,0.0694444444444444,0.0972222222222222,0.166666666666667,0.166666666666667,0.486111111111111,0.291666666666667,0.236111111111111,0.236111111111111,0.291666666666667,0.25,0.222222222222222,0.347222222222222,0.220588235294118,0.0138888888888889,0.125,0.472222222222222,0.333333333333333,0.291666666666667,0.25,0.277777777777778,0.111111111111111,0.166666666666667,0.25,0.138888888888889,0.125,0.111111111111111,0.333333333333333,0.263888888888889,0.319444444444444,0.0972222222222222,0.486111111111111,0.277777777777778,0.236111111111111,0.486111111111111,0.472222222222222,0.347222222222222,0.486111111111111,0.277777777777778,0.5,0.263888888888889,0.361111111111111,0,0.388888888888889,0.430555555555556,0.338235294117647,0.472222222222222,0.111111111111111,0.25,0.486111111111111,0.305555555555556,0.430555555555556,0.277777777777778,0.152777777777778,0.152777777777778
"Pad",0.264705882352941,0.444444444444444,0.277777777777778,0.5,0.0694444444444444,0.342857142857143,0.111111111111111,0.347222222222222,0.0972222222222222,0.352941176470588,0.194444444444444,0.222222222222222,0.333333333333333,0.361111111111111,0.0833333333333333,0.166666666666667,0.152777777777778,0.458333333333333,0.152777777777778,0.486111111111111,0.305555555555556,0.236111111111111,0.486111111111111,0.125,0.305555555555556,0.111111111111111,0.180555555555556,0.0694444444444444,0.125,0.430555555555556,0.305555555555556,0.152777777777778,0.305555555555556,0.180555555555556,0.208333333333333,0.0694444444444444,0.277777777777778,0.291666666666667,0.0285714285714286,0.102941176470588,0.430555555555556,0.263888888888889,0.236111111111111,0.361111111111111,0.430555555555556,0.0972222222222222,0.236111111111111,0.25,0.236111111111111,0.0972222222222222,0.180555555555556,0.444444444444444,0.277777777777778,0.277777777777778,0.236111111111111,0.486111111111111,0.194444444444444,0.296875,0.385714285714286,0.416666666666667,0.375,0.430555555555556,0.180555555555556,0.5,0.347222222222222,0.486111111111111,0.0555555555555556,0.402777777777778,0.371428571428571,0.277777777777778,0.458333333333333,0.263888888888889,0.25,0.305555555555556,0.291666666666667,0.319444444444444,0.319444444444444,0.208333333333333,0.194444444444444
"Pem",0.402777777777778,0.458333333333333,0.222222222222222,0.444444444444444,0.166666666666667,0.279411764705882,0.125,0.444444444444444,0.138888888888889,0.25,0.333333333333333,0.1,0.271428571428571,0.305555555555556,0.208333333333333,0.180555555555556,0.194444444444444,0.414285714285714,0.138888888888889,0.458333333333333,0.263888888888889,0.271428571428571,0.430555555555556,0.263888888888889,0.388888888888889,0.125,0.125,0.138888888888889,0.242857142857143,0.486111111111111,0.291666666666667,0.222222222222222,0.347222222222222,0.194444444444444,0.222222222222222,0.166666666666667,0.347222222222222,0.388888888888889,0.194444444444444,0.138888888888889,0.486111111111111,0.305555555555556,0.222222222222222,0.361111111111111,0.333333333333333,0.222222222222222,0.25,0.208333333333333,0.138888888888889,0.111111111111111,0.166666666666667,0.263888888888889,0.208333333333333,0.285714285714286,0.0972222222222222,0.472222222222222,0.152777777777778,0.191176470588235,0.361111111111111,0.416666666666667,0.402777777777778,0.388888888888889,0.347222222222222,0.458333333333333,0.166666666666667,0.375,0.0416666666666667,0.458333333333333,0.444444444444444,0.404761904761905,0.388888888888889,0.125,0.25,0.347222222222222,0.347222222222222,0.208333333333333,0.444444444444444,0.194444444444444,0.180555555555556
"Sar",0.227272727272727,0.454545454545455,0.386363636363636,0.0909090909090909,0.0681818181818182,0.340909090909091,0.0227272727272727,0.386363636363636,0.159090909090909,0.295454545454545,0.295454545454545,0.325,0.136363636363636,0.136363636363636,0.159090909090909,0.0681818181818182,0.204545454545455,0.5,0.0454545454545455,0.452380952380952,0.340909090909091,0.2,0.272727272727273,0.25,0.431818181818182,0.159090909090909,0.113636363636364,0.0909090909090909,0.113636363636364,0.318181818181818,0.295454545454545,0.113636363636364,0.0227272727272727,0.214285714285714,0.0681818181818182,0.136363636363636,0.136363636363636,0.447368421052632,0.477272727272727,0.175,0.452380952380952,0.272727272727273,0.333333333333333,0.227272727272727,0.295454545454545,0.113636363636364,0.181818181818182,0,0.214285714285714,0.0454545454545455,0.136363636363636,0.454545454545455,0.181818181818182,0.136363636363636,0.386363636363636,0.452380952380952,0.0681818181818182,0.368421052631579,0.431818181818182,0.333333333333333,0.386363636363636,0.409090909090909,0.159090909090909,0.295454545454545,0.272727272727273,0.454545454545455,0.0681818181818182,0.386363636363636,0.0454545454545455,0.458333333333333,0.409090909090909,0.0909090909090909,0.295454545454545,0.340909090909091,0.295454545454545,0.227272727272727,0.295454545454545,0.136363636363636,0.272727272727273
"Sbs",0.426470588235294,0.333333333333333,0.166666666666667,0.430555555555556,0.111111111111111,0.291666666666667,0.125,0.347222222222222,0.111111111111111,0.277777777777778,0.257142857142857,0.180555555555556,0.305555555555556,0.2,0.0833333333333333,0.194444444444444,0.138888888888889,0.486111111111111,0.0972222222222222,0.486111111111111,0.171428571428571,0.25,0.333333333333333,0.194444444444444,0.291666666666667,0.125,0.194444444444444,0.166666666666667,0.166666666666667,0.5,0.361111111111111,0.25,0.361111111111111,0.111111111111111,0.375,0.194444444444444,0.25,0.236111111111111,0.0555555555555556,0.111111111111111,0.416666666666667,0.402777777777778,0.222222222222222,0.333333333333333,0.277777777777778,0.138888888888889,0.263888888888889,0.319444444444444,0.25,0.152777777777778,0.208333333333333,0.402777777777778,0.194444444444444,0.305555555555556,0.0972222222222222,0.430555555555556,0.208333333333333,0.214285714285714,0.430555555555556,0.416666666666667,0.472222222222222,0.416666666666667,0.361111111111111,0.430555555555556,0.277777777777778,0.416666666666667,0.0555555555555556,0.347222222222222,0.347222222222222,0.291666666666667,0.402777777777778,0.138888888888889,0.263888888888889,0.402777777777778,0.375,0.361111111111111,0.333333333333333,0.111111111111111,0.111111111111111
"She",0.264705882352941,0.375,0.277777777777778,0.486111111111111,0.125,0.191176470588235,0.0972222222222222,0.402777777777778,0.111111111111111,0.3,0.277777777777778,0.25,0.305555555555556,0.263888888888889,0.152777777777778,0.180555555555556,0.0972222222222222,0.486111111111111,0.111111111111111,0.411764705882353,0.263888888888889,0.222222222222222,0.428571428571429,0.328571428571429,0.375,0.0972222222222222,0.236111111111111,0.152777777777778,0.138888888888889,0.458333333333333,0.314285714285714,0.111111111111111,0.444444444444444,0.0972222222222222,0.285714285714286,0.138888888888889,0.375,0.208333333333333,0,0.180555555555556,0.402777777777778,0.347222222222222,0.166666666666667,0.347222222222222,0.361111111111111,0.138888888888889,0.228571428571429,0.291666666666667,0.222222222222222,0.111111111111111,0.0972222222222222,0.319444444444444,0.166666666666667,0.222222222222222,0.152777777777778,0.486111111111111,0.138888888888889,0.212121212121212,0.5,0.485714285714286,0.263888888888889,0.5,0.25,0.444444444444444,0.375,0.430555555555556,0.0138888888888889,0.388888888888889,0.294117647058824,0.25,0.472222222222222,0.208333333333333,0.3,0.342857142857143,0.375,0.277777777777778,0.319444444444444,0.208333333333333,0.208333333333333
"Sin",0.371428571428571,0.333333333333333,0.0416666666666667,0.428571428571429,0.0972222222222222,0.257575757575758,0.111111111111111,0.444444444444444,0.114285714285714,0.272727272727273,0.228571428571429,0.185714285714286,0.277777777777778,0.0972222222222222,0.180555555555556,0.208333333333333,0.166666666666667,0.416666666666667,0.111111111111111,0.458333333333333,0.3,0.114285714285714,0.444444444444444,0.285714285714286,0.486111111111111,0.166666666666667,0.0972222222222222,0.128571428571429,0.222222222222222,0.5,0.375,0.166666666666667,0.357142857142857,0.0972222222222222,0.185714285714286,0.236111111111111,0.166666666666667,0.3125,0.180555555555556,0.0694444444444444,0.457142857142857,0.442857142857143,0.25,0.291666666666667,0.242857142857143,0.138888888888889,0.0714285714285714,0.236111111111111,0.236111111111111,0.0714285714285714,0.0277777777777778,0.4,0.142857142857143,0.220588235294118,0.0555555555555556,0.402777777777778,0.194444444444444,0.291666666666667,0.375,0.5,0.471428571428571,0.416666666666667,0.402777777777778,0.388888888888889,0.242857142857143,0.5,0.0138888888888889,0.357142857142857,0.371428571428571,0.282608695652174,0.4,0.208333333333333,0.25,0.242857142857143,0.236111111111111,0.458333333333333,0.430555555555556,0.0138888888888889,0.0277777777777778
"Sky",0.364864864864865,0.445945945945946,0.397058823529412,0.148648648648649,0.0675675675675676,0.321428571428571,0.148648648648649,0.363636363636364,0.185714285714286,0.205882352941176,0.0694444444444444,0,0.351351351351351,0.445945945945946,0.283783783783784,0.128571428571429,0.108108108108108,0.459459459459459,0.202702702702703,0.457142857142857,0.17741935483871,0.428571428571429,0.310810810810811,0.0540540540540541,0.416666666666667,0.0540540540540541,0.402777777777778,0.324324324324324,0.256756756756757,0.432432432432432,0.405405405405405,0.364864864864865,0.161764705882353,0.0945945945945946,0.0810810810810811,0.22972972972973,0.324324324324324,0.333333333333333,0.0555555555555556,0.271428571428571,0.202702702702703,0.194444444444444,0.108108108108108,0.162162162162162,0.472972972972973,0.0571428571428571,0,0,0,0.027027027027027,0.314285714285714,0.121621621621622,0.148648648648649,0.176470588235294,0.388888888888889,0.351351351351351,0,0.432432432432432,0.364864864864865,0.294117647058824,0.283783783783784,0.371428571428571,0.472972972972973,0.22972972972973,0.34375,0.290322580645161,0.162162162162162,0.405405405405405,0.297297297297297,0.333333333333333,0.459459459459459,0,0.148648648648649,0.157142857142857,0.256756756756757,0.0405405405405405,0.484848484848485,0.430555555555556,0.0945945945945946
"Sul",0.402777777777778,0.347222222222222,0.236111111111111,0.402777777777778,0.111111111111111,0.205882352941176,0.111111111111111,0.402777777777778,0.117647058823529,0.305555555555556,0.319444444444444,0.132352941176471,0.361111111111111,0.263888888888889,0.111111111111111,0.185714285714286,0.111111111111111,0.444444444444444,0.208333333333333,0.486111111111111,0.271428571428571,0.271428571428571,0.4,0.25,0.385714285714286,0.138888888888889,0.208333333333333,0.0833333333333333,0.138888888888889,0.5,0.263888888888889,0.222222222222222,0.25,0.180555555555556,0.208333333333333,0.138888888888889,0.319444444444444,0.277777777777778,0.0714285714285714,0.0972222222222222,0.472222222222222,0.277777777777778,0.375,0.361111111111111,0.319444444444444,0.138888888888889,0.1,0.3,0.208333333333333,0.125,0.2,0.361111111111111,0.236111111111111,0.305555555555556,0.125,0.458333333333333,0.2,0.21875,0.402777777777778,0.402777777777778,0.375,0.444444444444444,0.347222222222222,0.486111111111111,0.328571428571429,0.388888888888889,0,0.333333333333333,0.416666666666667,0.236111111111111,0.430555555555556,0.114285714285714,0.277777777777778,0.319444444444444,0.388888888888889,0.319444444444444,0.305555555555556,0.166666666666667,0.180555555555556
"The",0.402777777777778,0.470588235294118,0.333333333333333,0.138888888888889,0.111111111111111,0.265625,0.180555555555556,0.378787878787879,0.264705882352941,0.194444444444444,0.0694444444444444,0.0714285714285714,0.388888888888889,0.375,0.257142857142857,0.147058823529412,0.0833333333333333,0.470588235294118,0.128571428571429,0.471428571428571,0.180555555555556,0.303030303030303,0.323529411764706,0.0555555555555556,0.385714285714286,0,0.484848484848485,0.314285714285714,0.342857142857143,0.338235294117647,0.328571428571429,0.347222222222222,0.138888888888889,0.0694444444444444,0.0833333333333333,0.291666666666667,0.263888888888889,0.185714285714286,0.25,0.375,0.367647058823529,0.111111111111111,0.181818181818182,0.125,0.485714285714286,0.152777777777778,0,0,0.0138888888888889,0.0694444444444444,0.277777777777778,0.157142857142857,0.194444444444444,0.2,0.361111111111111,0.414285714285714,0,0.1875,0.458333333333333,0.263888888888889,0.305555555555556,0.328571428571429,0.471428571428571,0.277777777777778,0.397058823529412,0.194444444444444,0.180555555555556,0.3,0.308823529411765,0.235294117647059,0.471428571428571,0.0138888888888889,0.157142857142857,0.157142857142857,0.242857142857143,0.152777777777778,0.363636363636364,0.375,0.0833333333333333
"Tor",0.444444444444444,0.444444444444444,0.310810810810811,0.135135135135135,0.027027027027027,0.351351351351351,0.111111111111111,0.402777777777778,0.175675675675676,0.388888888888889,0.162162162162162,0.032258064516129,0.216216216216216,0.351351351351351,0.486486486486487,0.152777777777778,0.121621621621622,0.459459459459459,0.148648648648649,0.458333333333333,0.212121212121212,0.328571428571429,0.416666666666667,0.0810810810810811,0.378378378378378,0.0540540540540541,0.405405405405405,0.297297297297297,0.236111111111111,0.351351351351351,0.405405405405405,0.378378378378378,0.111111111111111,0.0945945945945946,0.0135135135135135,0.27027027027027,0.216216216216216,0.202702702702703,0.0675675675675676,0.347222222222222,0.283783783783784,0.189189189189189,0.22972972972973,0.175675675675676,0.472972972972973,0.0540540540540541,0,0,0.0405405405405405,0.0675675675675676,0.256756756756757,0.162162162162162,0.135135135135135,0.25,0.283783783783784,0.27027027027027,0,0.435483870967742,0.418918918918919,0.256756756756757,0.416666666666667,0.337837837837838,0.445945945945946,0.310810810810811,0.347222222222222,0.216216216216216,0.162162162162162,0.5,0.222222222222222,0.25,0.459459459459459,0.0135135135135135,0.243243243243243,0.152777777777778,0.27027027027027,0.0675675675675676,0.486486486486487,0.297297297297297,0.0405405405405405
"Tro",0.411764705882353,0.323529411764706,0.0882352941176471,0.470588235294118,0.117647058823529,0.294117647058824,0.0588235294117647,0.382352941176471,0.1,0.264705882352941,0.264705882352941,0.205882352941176,0.382352941176471,0.264705882352941,0.176470588235294,0.147058823529412,0.176470588235294,0.470588235294118,0.117647058823529,0.470588235294118,0.235294117647059,0.235294117647059,0.470588235294118,0.323529411764706,0.470588235294118,0.0588235294117647,0.264705882352941,0.0588235294117647,0.176470588235294,0.470588235294118,0.323529411764706,0.0882352941176471,0.264705882352941,0.117647058823529,0.294117647058824,0.235294117647059,0.205882352941176,0.205882352941176,0.0294117647058824,0.147058823529412,0.441176470588235,0.294117647058824,0.117647058823529,0.352941176470588,0.264705882352941,0.147058823529412,0.0882352941176471,0.441176470588235,0.176470588235294,0.0588235294117647,0.147058823529412,0.323529411764706,0.264705882352941,0.205882352941176,0.0882352941176471,0.411764705882353,0.205882352941176,0.115384615384615,0.323529411764706,0.46875,0.411764705882353,0.323529411764706,0.323529411764706,0.441176470588235,0.323529411764706,0.294117647058824,0,0.235294117647059,0.264705882352941,0.323529411764706,0.352941176470588,0.205882352941176,0.264705882352941,0.264705882352941,0.264705882352941,0.323529411764706,0.441176470588235,0.0588235294117647,0.117647058823529
"Ven",0.347222222222222,0.319444444444444,0.236111111111111,0.430555555555556,0.166666666666667,0.25,0.111111111111111,0.416666666666667,0.161764705882353,0.414285714285714,0.375,0.191176470588235,0.347222222222222,0.222222222222222,0.0972222222222222,0.171428571428571,0.125,0.402777777777778,0.152777777777778,0.388888888888889,0.308823529411765,0.228571428571429,0.375,0.277777777777778,0.444444444444444,0.166666666666667,0.111111111111111,0.152777777777778,0.208333333333333,0.486111111111111,0.375,0.166666666666667,0.305555555555556,0.194444444444444,0.263888888888889,0.291666666666667,0.305555555555556,0.333333333333333,0.0285714285714286,0.2,0.361111111111111,0.305555555555556,0.222222222222222,0.25,0.319444444444444,0.152777777777778,0.194444444444444,0.194444444444444,0.25,0.111111111111111,0.152777777777778,0.291666666666667,0.166666666666667,0.228571428571429,0.166666666666667,0.458333333333333,0.125,0.1875,0.472222222222222,0.371428571428571,0.388888888888889,0.486111111111111,0.402777777777778,0.458333333333333,0.342857142857143,0.458333333333333,0.0138888888888889,0.347222222222222,0.357142857142857,0.346153846153846,0.375,0.180555555555556,0.25,0.291666666666667,0.430555555555556,0.442857142857143,0.375,0.194444444444444,0.236111111111111
"Vig",0.430555555555556,0.371428571428571,0.5,0.485714285714286,0.138888888888889,0.303030303030303,0.180555555555556,0.4,0.291666666666667,0.375,0.208333333333333,0.117647058823529,0.263888888888889,0.444444444444444,0.125,0.220588235294118,0.138888888888889,0.486111111111111,0.236111111111111,0.458333333333333,0.242857142857143,0.271428571428571,0.472222222222222,0.291666666666667,0.333333333333333,0.125,0.152777777777778,0.111111111111111,0.152777777777778,0.458333333333333,0.277777777777778,0.319444444444444,0.444444444444444,0.180555555555556,0.444444444444444,0.152777777777778,0.291666666666667,0.305555555555556,0.0416666666666667,0.0833333333333333,0.444444444444444,0.263888888888889,0.361111111111111,0.347222222222222,0.347222222222222,0.166666666666667,0.388888888888889,0.305555555555556,0.222222222222222,0.0416666666666667,0.185714285714286,0.347222222222222,0.166666666666667,0.194444444444444,0.347222222222222,0.457142857142857,0.0138888888888889,0.271428571428571,0.416666666666667,0.458333333333333,0.458333333333333,0.486111111111111,0.277777777777778,0.388888888888889,0.3,0.347222222222222,0.228571428571429,0.442857142857143,0.152777777777778,0.367647058823529,0.458333333333333,0.138888888888889,0.25,0.347222222222222,0.458333333333333,0.305555555555556,0.347222222222222,0.388888888888889,0.402777777777778
