Run,Library Name,Sample Name
SRR11205484,TX_1124,TX_1124
SRR11205485,TX_1123,TX_1123
SRR11205486,TX_1122,TX_1122
SRR11205487,TX_1121,TX_1121
SRR11205488,TX_1120,TX_1120
SRR11205489,TX_1114,TX_1114
SRR11205490,TX_1113,TX_1113
SRR11205491,BRZ_1445,BRZ_1445
SRR11205492,TX_1111,TX_1111
SRR11205493,TX_1110,TX_1110
SRR11205494,TX_1109,TX_1109
SRR11205495,TX_1108,TX_1108
SRR11205496,TX_1107,TX_1107
SRR11205497,TX_1106,TX_1106
SRR11205498,TX_1105,TX_1105
SRR11205499,TX_1104,TX_1104
SRR11205500,TX_1103,TX_1103
SRR11205501,TX_1102,TX_1102
SRR11205502,BRZ_1444,BRZ_1444
SRR11205503,TX_1101,TX_1101
SRR11205504,TX_1101_6,TX_1101_6
SRR11205505,TX_1101_5,TX_1101_5
SRR11205506,TX_1101_4,TX_1101_4
SRR11205507,TX_1101_3,TX_1101_3
SRR11205508,TX_1101_1,TX_1101_1
SRR11205509,TX_1100,TX_1100
SRR11205510,TX_1100_6,TX_1100_6
SRR11205511,TX_1100_5,TX_1100_5
SRR11205512,BRZ_1443,BRZ_1443
SRR11205513,TX_1100_4,TX_1100_4
SRR11205514,TX_1100_3,TX_1100_3
SRR11205515,TX_1100_1,TX_1100_1
SRR11205516,PR_938,PR_938
SRR11205517,BRZ_1281,BRZ_1281
SRR11205518,PR_937,PR_937
SRR11205519,PR_936,PR_936
SRR11205520,PR_935,PR_935
SRR11205521,PR_934,PR_934
SRR11205522,PR_1063,PR_1063
SRR11205523,PR_1062,PR_1062
SRR11205524,PR_1061,PR_1061
SRR11205525,PR_1060,PR_1060
SRR11205526,PR_1059,PR_1059
SRR11205527,PR_1058,PR_1058
SRR11205528,BRZ_1280,BRZ_1280
SRR11205529,PR_1057,PR_1057
SRR11205530,PR_1056,PR_1056
SRR11205531,PR_1055,PR_1055
SRR11205532,PR_1054,PR_1054
SRR11205533,PR_1053,PR_1053
SRR11205534,PR_1052,PR_1052
SRR11205535,PR_1051,PR_1051
SRR11205536,PR_1050,PR_1050
SRR11205537,PR_1049,PR_1049
SRR11205538,PR_1048,PR_1048
SRR11205539,BRZ_1279,BRZ_1279
SRR11205540,PR_1047,PR_1047
SRR11205541,PR_1046,PR_1046
SRR11205542,PR_1045,PR_1045
SRR11205543,PR_1044,PR_1044
SRR11205544,PR_1043,PR_1043
SRR11205545,PR_1042,PR_1042
SRR11205546,PR_1041,PR_1041
SRR11205547,PR_1040,PR_1040
SRR11205548,KEY_1379,KEY_1379
SRR11205549,KEY_1378,KEY_1378
SRR11205550,KEY_1377,KEY_1377
SRR11205551,KEY_1376,KEY_1376
SRR11205552,KEY_1375,KEY_1375
SRR11205553,KEY_1374,KEY_1374
SRR11205554,KEY_1373,KEY_1373
SRR11205555,KEY_1372,KEY_1372
SRR11205556,KEY_1371,KEY_1371
SRR11205557,BRZ_1263,BRZ_1263
SRR11205558,KEY_1370,KEY_1370
SRR11205559,KEY_1194,KEY_1194
SRR11205560,KEY_1193,KEY_1193
SRR11205561,TXL_29,TXL_29
SRR11205562,TXL_28,TXL_28
SRR11205563,TXL_27,TXL_27
SRR11205564,TXL_26,TXL_26
SRR11205565,TXL_25,TXL_25
SRR11205566,TXL_24,TXL_24
SRR11205567,TXL_23,TXL_23
SRR11205568,TXL_22,TXL_22
SRR11205569,TXL_21,TXL_21
SRR11205570,TXL_20,TXL_20
SRR11205571,BRZ_1449,BRZ_1449
SRR11205572,BRZ_1251,BRZ_1251
SRR11205573,TXL_1,TXL_1
SRR11205574,TXL_19,TXL_19
SRR11205575,TXL_18,TXL_18
SRR11205576,TXL_17,TXL_17
SRR11205577,TXL_16,TXL_16
SRR11205578,TXL_15,TXL_15
SRR11205579,TXL_14,TXL_14
SRR11205580,TXL_13,TXL_13
SRR11205581,TXL_12,TXL_12
SRR11205582,TXL_11,TXL_11
SRR11205583,BRZ_1448,BRZ_1448
SRR11205584,TXL_10,TXL_10
SRR11205585,TX_1146,TX_1146
SRR11205586,TX_1145,TX_1145
SRR11205587,TX_1144,TX_1144
SRR11205588,TX_1143,TX_1143
SRR11205589,TX_1142,TX_1142
SRR11205590,TX_1141,TX_1141
SRR11205591,TX_1140,TX_1140
SRR11205592,TX_1139,TX_1139
SRR11205593,TX_1138,TX_1138
SRR11205594,BRZ_1447,BRZ_1447
SRR11205595,TX_1137,TX_1137
SRR11205596,TX_1136,TX_1136
SRR11205597,TX_1135,TX_1135
SRR11205598,TX_1134,TX_1134
SRR11205599,TX_1133,TX_1133
SRR11205600,TX_1132,TX_1132
SRR11205601,TX_1131,TX_1131
SRR11205602,TX_1130,TX_1130
SRR11205603,TX_1129,TX_1129
SRR11205604,TX_1128,TX_1128
SRR11205605,BRZ_1446,BRZ_1446
SRR11205606,TX_1127,TX_1127
SRR11205607,TX_1126,TX_1126
SRR11205608,TX_1125,TX_1125
SRR11205609,BRZ_1284,BRZ_1284
SRR11205610,PR_967,PR_967
SRR11205611,PR_966,PR_966
SRR11205612,PR_965,PR_965
SRR11205613,PR_964,PR_964
SRR11205614,PR_963,PR_963
SRR11205615,PR_962,PR_962
SRR11205616,PR_961,PR_961
SRR11205617,PR_960,PR_960
SRR11205618,PR_959,PR_959
SRR11205619,PR_958,PR_958
SRR11205620,BRZ_1283,BRZ_1283
SRR11205621,PR_957,PR_957
SRR11205622,PR_956,PR_956
SRR11205623,PR_955,PR_955
SRR11205624,PR_954,PR_954
SRR11205625,PR_953,PR_953
SRR11205626,PR_952,PR_952
SRR11205627,PR_951,PR_951
SRR11205628,PR_950,PR_950
SRR11205629,PR_949,PR_949
SRR11205630,PR_948,PR_948
SRR11205631,BRZ_1282,BRZ_1282
SRR11205632,PR_947,PR_947
SRR11205633,PR_946,PR_946
SRR11205634,PR_945,PR_945
SRR11205635,PR_944,PR_944
SRR11205636,PR_943,PR_943
SRR11205637,PR_942,PR_942
SRR11205638,PR_941,PR_941
SRR11205639,PR_940,PR_940
SRR11205640,PR_939,PR_939
SRR11205641,KEY_1414,KEY_1414
SRR11205642,KEY_1413,KEY_1413
SRR11205643,KEY_1412,KEY_1412
SRR11205644,KEY_1411,KEY_1411
SRR11205645,KEY_1410,KEY_1410
SRR11205646,KEY_1409,KEY_1409
SRR11205647,KEY_1408,KEY_1408
SRR11205648,BRZ_1266,BRZ_1266
SRR11205649,KEY_1407,KEY_1407
SRR11205650,KEY_1406,KEY_1406
SRR11205651,KEY_1405,KEY_1405
SRR11205652,KEY_1404,KEY_1404
SRR11205653,KEY_1403,KEY_1403
SRR11205654,KEY_1402,KEY_1402
SRR11205655,KEY_1401,KEY_1401
SRR11205656,KEY_1400,KEY_1400
SRR11205657,KEY_1399,KEY_1399
SRR11205658,KEY_1398,KEY_1398
SRR11205659,BRZ_1265,BRZ_1265
SRR11205660,BRZ_1247,BRZ_1247
SRR11205661,KEY_1397,KEY_1397
SRR11205662,KEY_1396,KEY_1396
SRR11205663,KEY_1395,KEY_1395
SRR11205664,KEY_1394,KEY_1394
SRR11205665,KEY_1393,KEY_1393
SRR11205666,KEY_1392,KEY_1392
SRR11205667,KEY_1391,KEY_1391
SRR11205668,KEY_1383,KEY_1383
SRR11205669,KEY_1382,KEY_1382
SRR11205670,KEY_1381,KEY_1381
SRR11205671,BRZ_1264,BRZ_1264
SRR11205672,KEY_1380,KEY_1380
SRR11205673,VZ_1028,VZ_1028
SRR11205674,VZ_1027,VZ_1027
SRR11205675,BRZ_1465,BRZ_1465
SRR11205676,VZ_1026,VZ_1026
SRR11205677,VZ_1025,VZ_1025
SRR11205678,VZ_1024,VZ_1024
SRR11205679,VZ_1023,VZ_1023
SRR11205680,VZ_1022,VZ_1022
SRR11205681,VZ_1021,VZ_1021
SRR11205682,VZ_1020,VZ_1020
SRR11205683,VZ_1019,VZ_1019
SRR11205684,VZ_1018,VZ_1018
SRR11205685,VZ_1017,VZ_1017
SRR11205686,BRZ_1464,BRZ_1464
SRR11205687,VZ_1016,VZ_1016
SRR11205688,VZ_1015,VZ_1015
SRR11205689,VZ_1014,VZ_1014
SRR11205690,VZ_1013,VZ_1013
SRR11205691,VZ_1012,VZ_1012
SRR11205692,VZ_1011,VZ_1011
SRR11205693,VZ_1010,VZ_1010
SRR11205694,VZ_1009,VZ_1009
SRR11205695,VZ_1008,VZ_1008
SRR11205696,VZ_1007,VZ_1007
SRR11205697,BRZ_1463,BRZ_1463
SRR11205698,VZ_1006,VZ_1006
SRR11205699,VZ_1005,VZ_1005
SRR11205700,VZ_1004,VZ_1004
SRR11205701,VZ_1003,VZ_1003
SRR11205702,VZ_1002,VZ_1002
SRR11205703,VZ_1001,VZ_1001
SRR11205704,VZ_1000,VZ_1000
SRR11205705,BRZ_1487,BRZ_1487
SRR11205706,BRZ_1254,BRZ_1254
SRR11205707,BRZ_1486,BRZ_1486
SRR11205708,BRZ_1485,BRZ_1485
SRR11205709,BRZ_1484,BRZ_1484
SRR11205710,BRZ_1483,BRZ_1483
SRR11205711,BRZ_1482,BRZ_1482
SRR11205712,BRZ_1481,BRZ_1481
SRR11205713,BRZ_1480,BRZ_1480
SRR11205714,BRZ_1479,BRZ_1479
SRR11205715,BRZ_1478,BRZ_1478
SRR11205716,BRZ_1477,BRZ_1477
SRR11205717,BRZ_1253,BRZ_1253
SRR11205718,BRZ_1476,BRZ_1476
SRR11205719,BRZ_1475,BRZ_1475
SRR11205720,BRZ_1474,BRZ_1474
SRR11205721,BRZ_1473,BRZ_1473
SRR11205722,VZ_999,VZ_999
SRR11205723,VZ_998,VZ_998
SRR11205724,VZ_997,VZ_997
SRR11205725,BRZ_1472,BRZ_1472
SRR11205726,VZ_996,VZ_996
SRR11205727,VZ_995,VZ_995
SRR11205728,VZ_994,VZ_994
SRR11205729,VZ_993,VZ_993
SRR11205730,VZ_992,VZ_992
SRR11205731,VZ_991,VZ_991
SRR11205732,VZ_990,VZ_990
SRR11205733,VZ_989,VZ_989
SRR11205734,VZ_988,VZ_988
SRR11205735,VZ_987,VZ_987
SRR11205736,BRZ_1471,BRZ_1471
SRR11205737,PNS_802,PNS_802
SRR11205738,PNS_801,PNS_801
SRR11205739,PNS_800,PNS_800
SRR11205740,BRZ_1275,BRZ_1275
SRR11205741,BRZ_1248,BRZ_1248
SRR11205742,PNS_799,PNS_799
SRR11205743,PNS_798,PNS_798
SRR11205744,PNS_797,PNS_797
SRR11205745,PNS_796,PNS_796
SRR11205746,PNS_795,PNS_795
SRR11205747,PNS_794,PNS_794
SRR11205748,PNS_793,PNS_793
SRR11205749,PNS_792,PNS_792
SRR11205750,PNS_791,PNS_791
SRR11205751,PNS_790,PNS_790
SRR11205752,BRZ_1274,BRZ_1274
SRR11205753,PNS_789,PNS_789
SRR11205754,PNS_788,PNS_788
SRR11205755,PNS_787,PNS_787
SRR11205756,PNS_786,PNS_786
SRR11205757,PNS_785,PNS_785
SRR11205758,PNS_784,PNS_784
SRR11205759,MRT_1350,MRT_1350
SRR11205760,MRT_1349,MRT_1349
SRR11205761,MRT_1348,MRT_1348
SRR11205762,MRT_1347,MRT_1347
SRR11205763,BRZ_1273,BRZ_1273
SRR11205764,MRT_1346,MRT_1346
SRR11205765,MRT_1345,MRT_1345
SRR11205766,MRT_1344,MRT_1344
SRR11205767,MRT_1343,MRT_1343
SRR11205768,MRT_1342,MRT_1342
SRR11205769,SCA_917,SCA_917
SRR11205770,SCA_916,SCA_916
SRR11205771,SCA_915,SCA_915
SRR11205772,SCA_914,SCA_914
SRR11205773,SCA_897,SCA_897
SRR11205774,BRZ_1439,BRZ_1439
SRR11205775,BRZ_1250,BRZ_1250
SRR11205776,SCA_896,SCA_896
SRR11205777,SCA_891,SCA_891
SRR11205778,SCA_890,SCA_890
SRR11205779,SCA_889,SCA_889
SRR11205780,SCA_888,SCA_888
SRR11205781,SCA_887,SCA_887
SRR11205782,SCA_886,SCA_886
SRR11205783,SCA_885,SCA_885
SRR11205784,SCA_884,SCA_884
SRR11205785,SCA_883,SCA_883
SRR11205786,BRZ_1438,BRZ_1438
SRR11205787,SCA_882,SCA_882
SRR11205788,SCA_881,SCA_881
SRR11205789,SCA_880,SCA_880
SRR11205790,SCA_879,SCA_879
SRR11205791,SCA_878,SCA_878
SRR11205792,SCA_877,SCA_877
SRR11205793,SCA_876,SCA_876
SRR11205794,SCA_875,SCA_875
SRR11205795,SCA_874,SCA_874
SRR11205796,SCA_873,SCA_873
SRR11205797,BRZ_1437,BRZ_1437
SRR11205798,SCA_872,SCA_872
SRR11205799,SCA_871,SCA_871
SRR11205800,SCA_870,SCA_870
SRR11205801,MRT_1341,MRT_1341
SRR11205802,MRT_1340,MRT_1340
SRR11205803,MRT_1339,MRT_1339
SRR11205804,MRT_1338,MRT_1338
SRR11205805,MRT_1337,MRT_1337
SRR11205806,BRZ_1272,BRZ_1272
SRR11205807,MRT_1336,MRT_1336
SRR11205808,MRT_1335,MRT_1335
SRR11205809,MRT_1334,MRT_1334
SRR11205810,MRT_1333,MRT_1333
SRR11205811,MRT_1332,MRT_1332
SRR11205812,MRT_1331,MRT_1331
SRR11205813,MRT_1330,MRT_1330
SRR11205814,MRT_1329,MRT_1329
SRR11205815,MRT_1328,MRT_1328
SRR11205816,MRT_1327,MRT_1327
SRR11205817,BRZ_1271,BRZ_1271
SRR11205818,MRT_1326,MRT_1326
SRR11205819,MRT_1325,MRT_1325
SRR11205820,MRT_1324,MRT_1324
SRR11205821,MRT_1323,MRT_1323
SRR11205822,MRT_1322,MRT_1322
SRR11205823,MRT_1321,MRT_1321
SRR11205824,MRT_1320,MRT_1320
SRR11205825,MRT_1319,MRT_1319
SRR11205826,MRT_1318,MRT_1318
SRR11205827,MRT_1317,MRT_1317
SRR11205828,BRZ_1270,BRZ_1270
SRR11205829,MRT_1316,MRT_1316
SRR11205830,MRT_1315,MRT_1315
SRR11205831,MRT_1310,MRT_1310
SRR11205832,MRT_1309,MRT_1309
SRR11205833,SCA_869,SCA_869
SRR11205834,SCA_868,SCA_868
SRR11205835,SCA_867,SCA_867
SRR11205836,SCA_866,SCA_866
SRR11205837,SCA_857,SCA_857
SRR11205838,SCA_856,SCA_856
SRR11205839,SCA_855,SCA_855
SRR11205840,BRZ_1436,BRZ_1436
SRR11205841,SCA_854,SCA_854
SRR11205842,SCA_853,SCA_853
SRR11205843,SCA_852,SCA_852
SRR11205844,SCA_851,SCA_851
SRR11205845,SCA_850,SCA_850
SRR11205846,SCA_849,SCA_849
SRR11205847,SCA_848,SCA_848
SRR11205848,SCA_847,SCA_847
SRR11205849,SCA_846,SCA_846
SRR11205850,SCA_845,SCA_845
SRR11205851,BRZ_1435,BRZ_1435
SRR11205852,SCA_844,SCA_844
SRR11205853,SCA_843,SCA_843
SRR11205854,SCA_842,SCA_842
SRR11205855,SCA_841,SCA_841
SRR11205856,SCA_840,SCA_840
SRR11205857,SCA_839,SCA_839
SRR11205858,SCA_838,SCA_838
SRR11205859,SCA_837,SCA_837
SRR11205860,SCA_836,SCA_836
SRR11205861,SCA_835,SCA_835
SRR11205862,BRZ_1290,BRZ_1290
SRR11205863,SCA_834,SCA_834
SRR11205864,SCA_1243,SCA_1243
SRR11205865,MRT_1308,MRT_1308
SRR11205866,MRT_1307,MRT_1307
SRR11205867,MRT_1306,MRT_1306
SRR11205868,MRT_1305,MRT_1305
SRR11205869,MRT_1304,MRT_1304
SRR11205870,MRT_1303,MRT_1303
SRR11205871,BRZ_1269,BRZ_1269
SRR11205872,MRT_1302,MRT_1302
SRR11205873,MRT_1301,MRT_1301
SRR11205874,MRT_1300,MRT_1300
SRR11205875,MRT_1299,MRT_1299
SRR11205876,MRT_1298,MRT_1298
SRR11205877,MRT_1297,MRT_1297
SRR11205878,MRT_1296,MRT_1296
SRR11205879,MRT_1295,MRT_1295
SRR11205880,MRT_1294,MRT_1294
SRR11205881,MRT_1293,MRT_1293
SRR11205882,BRZ_1268,BRZ_1268
SRR11205883,MRT_1292,MRT_1292
SRR11205884,MRT_1291,MRT_1291
SRR11205885,LA_1433,LA_1433
SRR11205886,LA_1432,LA_1432
SRR11205887,LA_1431,LA_1431
SRR11205888,LA_1430,LA_1430
SRR11205889,LA_1429,LA_1429
SRR11205890,LA_1428,LA_1428
SRR11205891,LA_1427,LA_1427
SRR11205892,LA_1426,LA_1426
SRR11205893,BRZ_1267,BRZ_1267
SRR11205894,KEY_1417,KEY_1417
SRR11205895,KEY_1416,KEY_1416
SRR11205896,KEY_1415,KEY_1415
SRR11205897,KEY_1192,KEY_1192
SRR11205898,KEY_1191,KEY_1191
SRR11205899,KEY_1190,KEY_1190
SRR11205900,KEY_1189,KEY_1189
SRR11205901,KEY_1188,KEY_1188
SRR11205902,KEY_1187,KEY_1187
SRR11205903,KEY_1186,KEY_1186
SRR11205904,BRZ_1262,BRZ_1262
SRR11205905,KEY_1185,KEY_1185
SRR11205906,KEY_1184,KEY_1184
SRR11205907,KEY_1183,KEY_1183
SRR11205908,KEY_1182,KEY_1182
SRR11205909,KEY_1181,KEY_1181
SRR11205910,KEY_1180,KEY_1180
SRR11205911,KEY_1179,KEY_1179
SRR11205912,KEY_1178,KEY_1178
SRR11205913,KEY_1177,KEY_1177
SRR11205914,KEY_1176,KEY_1176
SRR11205915,BRZ_1261,BRZ_1261
SRR11205916,KEY_1175,KEY_1175
SRR11205917,KEY_1174,KEY_1174
SRR11205918,KEY_1173,KEY_1173
SRR11205919,KEY_1172,KEY_1172
SRR11205920,KEY_1171,KEY_1171
SRR11205921,KEY_1170,KEY_1170
SRR11205922,KEY_1169,KEY_1169
SRR11205923,KEY_1168,KEY_1168
SRR11205924,KEY_1167,KEY_1167
SRR11205925,KEY_1166,KEY_1166
SRR11205926,BRZ_1260,BRZ_1260
SRR11205927,KEY_1165,KEY_1165
SRR11205928,KEY_1164,KEY_1164
SRR11205929,KEY_1163,KEY_1163
SRR11205930,KEY_1162,KEY_1162
SRR11205931,KEY_1161,KEY_1161
SRR11205932,KEY_1160,KEY_1160
SRR11205933,KEY_1159,KEY_1159
SRR11205934,KEY_1158,KEY_1158
SRR11205935,KEY_1157,KEY_1157
SRR11205936,KEY_1156,KEY_1156
SRR11205937,BRZ_1259,BRZ_1259
SRR11205938,KEY_1155,KEY_1155
SRR11205939,KEY_1154,KEY_1154
SRR11205940,KEY_1153,KEY_1153
SRR11205941,KEY_1152,KEY_1152
SRR11205942,KEY_1151,KEY_1151
SRR11205943,KEY_1150,KEY_1150
SRR11205944,KEY_1149,KEY_1149
SRR11205945,KEY_1148,KEY_1148
SRR11205946,KEY_1147,KEY_1147
SRR11205947,KEY_1071,KEY_1071
SRR11205948,VZ_986,VZ_986
SRR11205949,VZ_985,VZ_985
SRR11205950,VZ_984,VZ_984
SRR11205951,VZ_983,VZ_983
SRR11205952,VZ_982,VZ_982
SRR11205953,VZ_981,VZ_981
SRR11205954,VZ_980,VZ_980
SRR11205955,VZ_709,VZ_709
SRR11205956,VZ_708,VZ_708
SRR11205957,VZ_707,VZ_707
SRR11205958,BRZ_1470,BRZ_1470
SRR11205959,VZ_706,VZ_706
SRR11205960,VZ_705,VZ_705
SRR11205961,VZ_704,VZ_704
SRR11205962,VZ_703,VZ_703
SRR11205963,VZ_702,VZ_702
SRR11205964,VZ_701,VZ_701
SRR11205965,VZ_700,VZ_700
SRR11205966,VZ_699,VZ_699
SRR11205967,VZ_698,VZ_698
SRR11205968,VZ_697,VZ_697
SRR11205969,BRZ_1469,BRZ_1469
SRR11205970,VZ_696,VZ_696
SRR11205971,VZ_695,VZ_695
SRR11205972,VZ_694,VZ_694
SRR11205973,VZ_693,VZ_693
SRR11205974,VZ_692,VZ_692
SRR11205975,VZ_691,VZ_691
SRR11205976,VZ_690,VZ_690
SRR11205977,VZ_689,VZ_689
SRR11205978,VZ_688,VZ_688
SRR11205979,VZ_687,VZ_687
SRR11205980,BRZ_1468,BRZ_1468
SRR11205981,VZ_686,VZ_686
SRR11205982,VZ_685,VZ_685
SRR11205983,VZ_684,VZ_684
SRR11205984,VZ_683,VZ_683
SRR11205985,VZ_682,VZ_682
SRR11205986,VZ_681,VZ_681
SRR11205987,VZ_680,VZ_680
SRR11205988,VZ_679,VZ_679
SRR11205989,VZ_678,VZ_678
SRR11205990,VZ_677,VZ_677
SRR11205991,BRZ_1467,BRZ_1467
SRR11205992,BRZ_1252,BRZ_1252
SRR11205993,VZ_676,VZ_676
SRR11205994,VZ_675,VZ_675
SRR11205995,VZ_674,VZ_674
SRR11205996,VZ_673,VZ_673
SRR11205997,VZ_672,VZ_672
SRR11205998,VZ_671,VZ_671
SRR11205999,VZ_670,VZ_670
SRR11206000,VZ_669,VZ_669
SRR11206001,VZ_668,VZ_668
SRR11206002,VZ_667,VZ_667
SRR11206003,BRZ_1466,BRZ_1466
SRR11206004,VZ_666,VZ_666
SRR11206005,VZ_665,VZ_665
SRR11206006,VZ_664,VZ_664
SRR11206007,VZ_663,VZ_663
SRR11206008,VZ_662,VZ_662
SRR11206009,VZ_661,VZ_661
SRR11206010,VZ_660,VZ_660
SRR11206011,VZ_1029,VZ_1029
SRR11206012,TXL_9,TXL_9
SRR11206013,TXL_8,TXL_8
SRR11206014,TXL_7,TXL_7
SRR11206015,BRZ_1462,BRZ_1462
SRR11206016,TXL_6,TXL_6
SRR11206017,TXL_64,TXL_64
SRR11206018,TXL_63,TXL_63
SRR11206019,TXL_62,TXL_62
SRR11206020,TXL_61,TXL_61
SRR11206021,TXL_60,TXL_60
SRR11206022,TXL_5,TXL_5
SRR11206023,TXL_59,TXL_59
SRR11206024,TXL_58,TXL_58
SRR11206025,TXL_57,TXL_57
SRR11206026,BRZ_1461,BRZ_1461
SRR11206027,TXL_56,TXL_56
SRR11206028,TXL_55,TXL_55
SRR11206029,TXL_54,TXL_54
SRR11206030,TXL_53,TXL_53
SRR11206031,TXL_52,TXL_52
SRR11206032,TXL_51,TXL_51
SRR11206033,TXL_50,TXL_50
SRR11206034,TXL_4,TXL_4
SRR11206035,TXL_49,TXL_49
SRR11206036,TXL_48,TXL_48
SRR11206037,BRZ_1460,BRZ_1460
SRR11206038,TXL_47,TXL_47
SRR11206039,TXL_46,TXL_46
SRR11206040,TXL_45,TXL_45
SRR11206041,TXL_44,TXL_44
SRR11206042,TXL_43,TXL_43
SRR11206043,TXL_42,TXL_42
SRR11206044,SCA_1242,SCA_1242
SRR11206045,SCA_1241,SCA_1241
SRR11206046,SCA_1240,SCA_1240
SRR11206047,SCA_1239,SCA_1239
SRR11206048,SCA_1238,SCA_1238
SRR11206049,SCA_1237,SCA_1237
SRR11206050,SCA_1236,SCA_1236
SRR11206051,SCA_1235,SCA_1235
SRR11206052,BRZ_1289,BRZ_1289
SRR11206053,SCA_1234,SCA_1234
SRR11206054,SCA_1233,SCA_1233
SRR11206055,SCA_1232,SCA_1232
SRR11206056,SCA_1231,SCA_1231
SRR11206057,SCA_1230,SCA_1230
SRR11206058,SCA_1229,SCA_1229
SRR11206059,SCA_1228,SCA_1228
SRR11206060,SCA_1227,SCA_1227
SRR11206061,SCA_1226,SCA_1226
SRR11206062,SCA_1225,SCA_1225
SRR11206063,BRZ_1288,BRZ_1288
SRR11206064,SCA_1224,SCA_1224
SRR11206065,SCA_1223,SCA_1223
SRR11206066,SCA_1222,SCA_1222
SRR11206067,SCA_1221,SCA_1221
SRR11206068,SCA_1220,SCA_1220
SRR11206069,SCA_1219,SCA_1219
SRR11206070,SCA_1218,SCA_1218
SRR11206071,SCA_1217,SCA_1217
SRR11206072,SCA_1216,SCA_1216
SRR11206073,SCA_1215,SCA_1215
SRR11206074,BRZ_1287,BRZ_1287
SRR11206075,SCA_1214,SCA_1214
SRR11206076,SCA_1213,SCA_1213
SRR11206077,SCA_1212,SCA_1212
SRR11206078,SCA_1211,SCA_1211
SRR11206079,SCA_1210,SCA_1210
SRR11206080,SCA_1209,SCA_1209
SRR11206081,SCA_1208,SCA_1208
SRR11206082,SCA_1207,SCA_1207
SRR11206083,SCA_1206,SCA_1206
SRR11206084,SCA_1205,SCA_1205
SRR11206085,BRZ_1286,BRZ_1286
SRR11206086,SCA_1204,SCA_1204
SRR11206087,SCA_1203,SCA_1203
SRR11206088,SCA_1202,SCA_1202
SRR11206089,SCA_1201,SCA_1201
SRR11206090,SCA_1200,SCA_1200
SRR11206091,SCA_1199,SCA_1199
SRR11206092,SCA_1198,SCA_1198
SRR11206093,SCA_1197,SCA_1197
SRR11206094,SCA_1196,SCA_1196
SRR11206095,SCA_1195,SCA_1195
SRR11206096,BRZ_1285,BRZ_1285
SRR11206097,BRZ_1249,BRZ_1249
SRR11206098,PR_979,PR_979
SRR11206099,PR_978,PR_978
SRR11206100,PR_977,PR_977
SRR11206101,PR_976,PR_976
SRR11206102,PR_975,PR_975
SRR11206103,PR_974,PR_974
SRR11206104,PR_973,PR_973
SRR11206105,PR_972,PR_972
SRR11206106,PR_971,PR_971
SRR11206107,PR_968,PR_968
SRR11206108,BRZ_1496,BRZ_1496
SRR11206109,BRZ_1495,BRZ_1495
SRR11206110,BRZ_1494,BRZ_1494
SRR11206111,BRZ_1493,BRZ_1493
SRR11206112,BRZ_1492,BRZ_1492
SRR11206113,BRZ_1491,BRZ_1491
SRR11206114,BRZ_1490,BRZ_1490
SRR11206115,BRZ_1489,BRZ_1489
SRR11206116,BRZ_1488,BRZ_1488
SRR11206117,TX_1099,TX_1099
SRR11206118,TX_1099_6,TX_1099_6
SRR11206119,TX_1099_5,TX_1099_5
SRR11206120,TX_1099_4,TX_1099_4
SRR11206121,TX_1099_3,TX_1099_3
SRR11206122,BRZ_1442,BRZ_1442
SRR11206123,TX_1099_1,TX_1099_1
SRR11206124,TX_1098,TX_1098
SRR11206125,TX_1098_6,TX_1098_6
SRR11206126,TX_1098_5,TX_1098_5
SRR11206127,TX_1098_4,TX_1098_4
SRR11206128,TX_1098_3,TX_1098_3
SRR11206129,TX_1098_1,TX_1098_1
SRR11206130,TX_1097,TX_1097
SRR11206131,TX_1096,TX_1096
SRR11206132,BRZ_1441,BRZ_1441
SRR11206133,SCA_933,SCA_933
SRR11206134,SCA_932,SCA_932
SRR11206135,SCA_931,SCA_931
SRR11206136,SCA_930,SCA_930
SRR11206137,SCA_929,SCA_929
SRR11206138,SCA_927,SCA_927
SRR11206139,SCA_926,SCA_926
SRR11206140,SCA_925,SCA_925
SRR11206141,SCA_924,SCA_924
SRR11206142,SCA_923,SCA_923
SRR11206143,BRZ_1440,BRZ_1440
SRR11206144,SCA_922,SCA_922
SRR11206145,SCA_921,SCA_921
SRR11206146,SCA_920,SCA_920
SRR11206147,SCA_919,SCA_919
SRR11206148,SCA_918,SCA_918
SRR11206149,PR_1039,PR_1039
SRR11206150,PR_1038,PR_1038
SRR11206151,BRZ_1278,BRZ_1278
SRR11206152,PNS_833,PNS_833
SRR11206153,PNS_832,PNS_832
SRR11206154,PNS_831,PNS_831
SRR11206155,PNS_830,PNS_830
SRR11206156,PNS_829,PNS_829
SRR11206157,PNS_828,PNS_828
SRR11206158,PNS_827,PNS_827
SRR11206159,PNS_826,PNS_826
SRR11206160,PNS_825,PNS_825
SRR11206161,PNS_824,PNS_824
SRR11206162,BRZ_1277,BRZ_1277
SRR11206163,PNS_823,PNS_823
SRR11206164,PNS_822,PNS_822
SRR11206165,PNS_821,PNS_821
SRR11206166,PNS_820,PNS_820
SRR11206167,PNS_819,PNS_819
SRR11206168,PNS_818,PNS_818
SRR11206169,PNS_817,PNS_817
SRR11206170,PNS_816,PNS_816
SRR11206171,PNS_815,PNS_815
SRR11206172,PNS_814,PNS_814
SRR11206173,BRZ_1276,BRZ_1276
SRR11206174,PNS_813,PNS_813
SRR11206175,PNS_812,PNS_812
SRR11206176,PNS_811,PNS_811
SRR11206177,PNS_810,PNS_810
SRR11206178,PNS_809,PNS_809
SRR11206179,PNS_808,PNS_808
SRR11206180,PNS_803,PNS_803
SRR11206181,BRZ_1258,BRZ_1258
SRR11206182,KEY_1070,KEY_1070
SRR11206183,KEY_1069,KEY_1069
SRR11206184,KEY_1068,KEY_1068
SRR11206185,KEY_1067,KEY_1067
SRR11206186,KEY_1066,KEY_1066
SRR11206187,KEY_1065,KEY_1065
SRR11206188,KEY_1064,KEY_1064
SRR11206189,KEY_1037,KEY_1037
SRR11206190,KEY_1036,KEY_1036
SRR11206191,KEY_1035,KEY_1035
SRR11206192,BRZ_1257,BRZ_1257
SRR11206193,KEY_1034,KEY_1034
SRR11206194,KEY_1033,KEY_1033
SRR11206195,KEY_1032,KEY_1032
SRR11206196,KEY_1031,KEY_1031
SRR11206197,KEY_1030,KEY_1030
SRR11206198,BRZ_1511,BRZ_1511
SRR11206199,BRZ_1510,BRZ_1510
SRR11206200,BRZ_1509,BRZ_1509
SRR11206201,BRZ_1508,BRZ_1508
SRR11206202,BRZ_1507,BRZ_1507
SRR11206203,BRZ_1256,BRZ_1256
SRR11206204,BRZ_1506,BRZ_1506
SRR11206205,BRZ_1505,BRZ_1505
SRR11206206,BRZ_1504,BRZ_1504
SRR11206207,BRZ_1503,BRZ_1503
SRR11206208,BRZ_1502,BRZ_1502
SRR11206209,BRZ_1501,BRZ_1501
SRR11206210,BRZ_1500,BRZ_1500
SRR11206211,BRZ_1499,BRZ_1499
SRR11206212,BRZ_1498,BRZ_1498
SRR11206213,BRZ_1497,BRZ_1497
SRR11206214,BRZ_1255,BRZ_1255
SRR11206215,BRZ_1246,BRZ_1246
SRR11206216,BRZ_1245,BRZ_1245
SRR11206217,TXL_41,TXL_41
SRR11206218,TXL_40,TXL_40
SRR11206219,TXL_3,TXL_3
SRR11206220,TXL_39,TXL_39
SRR11206221,BRZ_1459,BRZ_1459
SRR11206222,TXL_38,TXL_38
SRR11206223,TXL_37,TXL_37
SRR11206224,TXL_36,TXL_36
SRR11206225,TXL_35,TXL_35
SRR11206226,TXL_34,TXL_34
SRR11206227,TXL_33,TXL_33
SRR11206228,TXL_32,TXL_32
SRR11206229,TXL_31,TXL_31
SRR11206230,TXL_30,TXL_30
SRR11206231,TXL_2,TXL_2
SRR11206232,BRZ_1450,BRZ_1450